{
    "44545": "re",
    "5267630441": "Pro",
    "5323937499": {
        "plan": "𝐕𝐈𝐏",
        "timer": "2024-06-03 23:18"
    },
    "6200517309": {
        "plan": "𝐅𝐑𝐄𝐄",
        "timer": "none"
    },
    "6552047852": {
        "plan": "𝐕𝐈𝐏",
        "timer": "2024-07-15 09:45",
        "paln": "𝐅𝐑𝐄𝐄"
    },
    "777000": {
        "plan": "𝐅𝐑𝐄𝐄",
        "timer": "none"
    },
    "1218380390": {
        "plan": "𝐕𝐈𝐏",
        "timer": "2024-05-24 19:45",
        "paln": "𝐅𝐑𝐄𝐄"
    },
    "6762865067": {
        "plan": "𝐅𝐑𝐄𝐄",
        "timer": "none"
    },
    "6078305836": {
        "plan": "𝐕𝐈𝐏",
        "timer": "none",
        "paln": "𝐅𝐑𝐄𝐄"
    },
    "1911223261": {
        "plan": "𝐕𝐈𝐏",
        "timer": "2024-05-11 00:46"
    },
    "5046382521": {
        "plan": "𝐅𝐑𝐄𝐄",
        "timer": "none"
    },
    "6925260249": {
        "plan": "𝐅𝐑𝐄𝐄",
        "timer": "none"
    },
    "6020205067": {
        "plan": "𝐕𝐈𝐏",
        "timer": "2024-05-25 00:49"
    },
    "5530520464": {
        "plan": "𝐅𝐑𝐄𝐄",
        "timer": "none"
    },
    "6739114218": {
        "plan": "𝐅𝐑𝐄𝐄",
        "timer": "none"
    },
    "1672571024": {
        "plan": "𝐅𝐑𝐄𝐄",
        "timer": "none"
    },
    "1733872542": {
        "plan": "𝐅𝐑𝐄𝐄",
        "timer": "none"
    },
    "6517827811": {
        "plan": "𝐕𝐈𝐏",
        "timer": "2024-05-27 13:45",
        "paln": "𝐅𝐑𝐄𝐄"
    },
    "𝙼𝙴𝙳𝙾-EWK4-SY1R-PKRQ": {
        "plan": "𝐕𝐈𝐏",
        "time": "2024-05-19 13:20"
    },
    "220361511": {
        "plan": "𝐅𝐑𝐄𝐄",
        "timer": "none"
    },
    "5976110749": {
        "plan": "𝐅𝐑𝐄𝐄",
        "timer": "none"
    },
    "-1002219642035": {
        "plan": "𝐅𝐑𝐄𝐄",
        "timer": "none"
    },
    "6268762754": {
        "plan": "𝐕𝐈𝐏",
        "timer": "none",
        "paln": "𝐅𝐑𝐄𝐄"
    },
    "𝙼𝙴𝙳𝙾-CXJT-7HVZ-PQDF": {
        "plan": "𝐕𝐈𝐏",
        "time": "2024-05-24 20:21"
    },
    "1767495113": {
        "plan": "𝐅𝐑𝐄𝐄",
        "timer": "none"
    },
    "5171466089": {
        "plan": "𝐕𝐈𝐏",
        "timer": "2024-05-24 20:22"
    },
    "6072169917": {
        "plan": "𝐕𝐈𝐏",
        "timer": "2024-05-25 06:44"
    },
    "1932257898": {
        "plan": "𝐕𝐈𝐏",
        "timer": "2024-05-24 22:42"
    },
    "830033249": {
        "plan": "𝐕𝐈𝐏",
        "timer": "none",
        "paln": "𝐅𝐑𝐄𝐄"
    },
    "6851148952": {
        "plan": "𝐕𝐈𝐏",
        "timer": "none",
        "paln": "𝐅𝐑𝐄𝐄"
    },
    "5162681301": {
        "plan": "𝐕𝐈𝐏",
        "timer": "2024-05-24 20:56"
    },
    "5878566996": {
        "plan": "𝐕𝐈𝐏",
        "timer": "2024-05-24 20:27"
    },
    "6958532264": {
        "plan": "𝐅𝐑𝐄𝐄",
        "timer": "none"
    },
    "𝙼𝙴𝙳𝙾-LEC9-MFUQ-5QCP": {
        "plan": "𝐕𝐈𝐏",
        "time": "2024-05-25 03:38"
    },
    "5398205150": {
        "plan": "𝐅𝐑𝐄𝐄",
        "timer": "none"
    },
    "𝙼𝙴𝙳𝙾-MARN-2LBD-BCP4": {
        "plan": "𝐕𝐈𝐏",
        "time": "2024-05-25 05:14"
    },
    "𝙼𝙴𝙳𝙾-UC05-FTZF-IR3Q": {
        "plan": "𝐕𝐈𝐏",
        "time": "2024-05-26 12:50"
    },
    "𝙼𝙴𝙳𝙾-MM6Q-NBKF-XX0I": {
        "plan": "𝐕𝐈𝐏",
        "time": "2024-05-26 12:50"
    },
    "𝙼𝙴𝙳𝙾-EG0W-F152-2XFX": {
        "plan": "𝐕𝐈𝐏",
        "time": "2024-05-26 12:51"
    },
    "𝙼𝙴𝙳𝙾-W6CY-GWG8-7OKU": {
        "plan": "𝐕𝐈𝐏",
        "time": "2024-05-26 12:51"
    },
    "𝙼𝙴𝙳𝙾-9IGL-MHO8-VE00": {
        "plan": "𝐕𝐈𝐏",
        "time": "2024-05-25 15:44"
    },
    "𝙼𝙴𝙳𝙾-Y2L8-B1ZF-LVBF": {
        "plan": "𝐕𝐈𝐏",
        "time": "2024-05-27 13:45"
    },
    "𝙼𝙴𝙳𝙾-PRQ5-H7EU-T5K6": {
        "plan": "𝐕𝐈𝐏",
        "time": "2024-05-27 13:45"
    },
    "𝙼𝙴𝙳𝙾-BRQ0-5HK2-LIBP": {
        "plan": "𝐕𝐈𝐏",
        "time": "2024-05-25 19:38"
    },
    "-1002049614950": {
        "plan": "𝐅𝐑𝐄𝐄",
        "timer": "none"
    },
    "6820624390": {
        "plan": "𝐕𝐈𝐏",
        "timer": "2024-05-27 16:01"
    },
    "6718134873": {
        "plan": "𝐕𝐈𝐏",
        "timer": "2024-05-27 16:01"
    },
    "6856542385": {
        "plan": "𝐕𝐈𝐏",
        "timer": "none",
        "paln": "𝐅𝐑𝐄𝐄"
    },
    "5691350382": {
        "plan": "𝐕𝐈𝐏",
        "timer": "2024-06-03 18:23"
    },
    "𝙼𝙴𝙳𝙾-F8LK-QY7D-N9OY": {
        "plan": "𝐕𝐈𝐏",
        "time": "2024-06-03 10:08"
    },
    "𝙼𝙴𝙳𝙾-AR0W-ZVNO-1M18": {
        "plan": "𝐕𝐈𝐏",
        "time": "2024-06-03 23:46"
    },
    "𝙼𝙴𝙳𝙾-VX4N-MWKZ-I1O4": {
        "plan": "𝐕𝐈𝐏",
        "time": "2024-06-03 23:47"
    },
    "5481980005": {
        "plan": "𝐅𝐑𝐄𝐄",
        "timer": "none"
    },
    "7016674047": {
        "plan": "𝐕𝐈𝐏",
        "timer": "2024-06-07 08:33"
    },
    "6829197490": {
        "plan": "𝐅𝐑𝐄𝐄",
        "timer": "none"
    },
    "1761758951": {
        "plan": "𝐅𝐑𝐄𝐄",
        "timer": "none"
    },
    "6633619188": {
        "plan": "𝐕𝐈𝐏",
        "timer": "2024-06-07 09:08"
    },
    "6937446234": {
        "plan": "𝐅𝐑𝐄𝐄",
        "timer": "none"
    },
    "6660010850": {
        "plan": "𝐅𝐑𝐄𝐄",
        "timer": "none"
    },
    "6644572226": {
        "plan": "𝐅𝐑𝐄𝐄",
        "timer": "none"
    },
    "6206281290": {
        "plan": "𝐅𝐑𝐄𝐄",
        "timer": "none"
    },
    "5166763768": {
        "plan": "𝐅𝐑𝐄𝐄",
        "timer": "none"
    },
    "6828387591": {
        "plan": "𝐅𝐑𝐄𝐄",
        "timer": "none"
    },
    "6590159614": {
        "plan": "𝐅𝐑𝐄𝐄",
        "timer": "none"
    },
    "6609362604": {
        "plan": "𝐅𝐑𝐄𝐄",
        "timer": "none"
    },
    "7115709104": {
        "plan": "𝐅𝐑𝐄𝐄",
        "timer": "none"
    },
    "1633965172": {
        "plan": "𝐅𝐑𝐄𝐄",
        "timer": "none"
    },
    "5126378056": {
        "plan": "𝐕𝐈𝐏",
        "timer": "none",
        "paln": "𝐅𝐑𝐄𝐄"
    },
    "986104006": {
        "plan": "𝐅𝐑𝐄𝐄",
        "timer": "none"
    },
    "6156373100": {
        "plan": "𝐅𝐑𝐄𝐄",
        "timer": "none"
    },
    "7187575327": {
        "plan": "𝐅𝐑𝐄𝐄",
        "timer": "none"
    },
    "5795341665": {
        "plan": "𝐕𝐈𝐏",
        "timer": "2024-06-06 15:17"
    },
    "6357101372": {
        "plan": "𝐕𝐈𝐏",
        "timer": "none",
        "paln": "𝐅𝐑𝐄𝐄"
    },
    "5868868997": {
        "plan": "𝐅𝐑𝐄𝐄",
        "timer": "none"
    },
    "6370331667": {
        "plan": "𝐅𝐑𝐄𝐄",
        "timer": "none"
    },
    "7086042489": {
        "plan": "𝐅𝐑𝐄𝐄",
        "timer": "none"
    },
    "986613033": {
        "plan": "𝐅𝐑𝐄𝐄",
        "timer": "none"
    },
    "6000155530": {
        "plan": "𝐅𝐑𝐄𝐄",
        "timer": "none"
    },
    "6444832054": {
        "plan": "𝐅𝐑𝐄𝐄",
        "timer": "none"
    },
    "6503904254": {
        "plan": "𝐅𝐑𝐄𝐄",
        "timer": "none"
    },
    "6304872434": {
        "plan": "𝐅𝐑𝐄𝐄",
        "timer": "none"
    },
    "6214857942": {
        "plan": "𝐅𝐑𝐄𝐄",
        "timer": "none"
    },
    "5598714207": {
        "plan": "𝐅𝐑𝐄𝐄",
        "timer": "none"
    },
    "6675109454": {
        "plan": "𝐅𝐑𝐄𝐄",
        "timer": "none"
    },
    "5867088140": {
        "plan": "𝐅𝐑𝐄𝐄",
        "timer": "none"
    },
    "6666253166": {
        "plan": "𝐅𝐑𝐄𝐄",
        "timer": "none"
    },
    "5705487207": {
        "plan": "𝐕𝐈𝐏",
        "timer": "2024-06-08 09:43"
    },
    "5991875592": {
        "plan": "𝐅𝐑𝐄𝐄",
        "timer": "none"
    },
    "7024271627": {
        "plan": "𝐕𝐈𝐏",
        "timer": "2024-06-10 09:44",
        "paln": "𝐅𝐑𝐄𝐄"
    },
    "2138956945": {
        "plan": "𝐅𝐑𝐄𝐄",
        "timer": "none"
    },
    "844705758": {
        "plan": "𝐅𝐑𝐄𝐄",
        "timer": "none"
    },
    "6003648596": {
        "plan": "𝐅𝐑𝐄𝐄",
        "timer": "none"
    },
    "5995417832": {
        "plan": "𝐅𝐑𝐄𝐄",
        "timer": "none"
    },
    "6033453519": {
        "plan": "𝐅𝐑𝐄𝐄",
        "timer": "none"
    },
    "6203341020": {
        "plan": "𝐅𝐑𝐄𝐄",
        "timer": "none"
    },
    "5477627625": {
        "plan": "𝐅𝐑𝐄𝐄",
        "timer": "none"
    },
    "5319319130": {
        "plan": "𝐅𝐑𝐄𝐄",
        "timer": "none"
    },
    "5843737942": {
        "plan": "𝐅𝐑𝐄𝐄",
        "timer": "none"
    },
    "1032225909": {
        "plan": "𝐅𝐑𝐄𝐄",
        "timer": "none"
    },
    "6242510372": {
        "plan": "𝐅𝐑𝐄𝐄",
        "timer": "none"
    },
    "700440300": {
        "plan": "𝐅𝐑𝐄𝐄",
        "timer": "none"
    },
    "6501013590": {
        "plan": "𝐅𝐑𝐄𝐄",
        "timer": "none"
    },
    "6523153741": {
        "plan": "𝐅𝐑𝐄𝐄",
        "timer": "none"
    },
    "6746005610": {
        "plan": "𝐅𝐑𝐄𝐄",
        "timer": "none"
    },
    "856347615": {
        "plan": "𝐅𝐑𝐄𝐄",
        "timer": "none"
    },
    "7108610823": {
        "plan": "𝐅𝐑𝐄𝐄",
        "timer": "none"
    },
    "6485748442": {
        "plan": "𝐕𝐈𝐏",
        "timer": "2024-06-10 06:14"
    },
    "637349547": {
        "plan": "𝐅𝐑𝐄𝐄",
        "timer": "none"
    },
    "1661286674": {
        "plan": "𝐅𝐑𝐄𝐄",
        "timer": "none"
    }
}